{
    "T0": 292.15,
    "ap": 0.000046,
    "rho": 2850,
    "cp": 900,
    "alpha_min": 0.047,
    "sigma": 0.0000167,
    "kappa": 234,
    "Tm": 819.45,
    "Tb": 2786,
    "thickness": 0.00003,
    "visc": 0.001548,
    "tens": 0.871,
    "L": 269000
}